address,allocatedRewards,totalContribution
0x102e51c706eaf0293715aF73C99F2A8589a2084d,1447.1005598193635,400
0xd48f1A44e56526e96A983FF750559aa365810D5A,7.444894726090973,30.8752779365077
